"Uncategorized","Insert Into Aggregation","Ctrl+Shift+Q","In Windows","com.sap.adt.wda.view.ui.internal.command.insertIntoAggregation"
"Source Code","Reduce Font Size","Ctrl+-","In ABAP Element Info View","com.sap.adt.tools.abapsource.ui.elementInfoReduceFont"
"Source Code","Navigate To Declaration","F12","In ABAP Source Editor Outline","com.sap.adt.tools.abapsource.ui.OutlineNavigateToDeclarationShortCut"
"Network View Commands","&Copy","Ctrl+C","Network View Context","com.sap.adt.objectrelations.ui.command.copyName"
"Language Servers","Format","Alt+Shift+F","Editing Text","org.eclipse.lsp4e.format"
"Uncategorized","Add Out bound plug ","Alt+G","Plug tab","com.sap.adt.wda.controller.ui.addoutboundplugcommand"
"Search","References in Workspace","Ctrl+Shift+G","JavaScript View","org.eclipse.wst.jsdt.ui.edit.text.java.search.references.in.workspace"
"Transport Management","Run Consistency Check","Shift+F2","Transport Management","com.sap.adt.tm.ui.consistencycheck"
"File","Move...","Alt+Shift+V","Project Explorer +","org.eclipse.ui.edit.move"
"Source Code","Toggle ABAP Editor Breadcrumb","Alt+Shift+B","Editing ABAP Code","com.sap.adt.tools.abapsource.ui.toggleBreadcrumb"
"Views","Show View (Outline)","Alt+Shift+Q, O","In Windows","org.eclipse.ui.views.showView"
"Navigate","Go to Line","Ctrl+G","Editing Text","org.eclipse.ui.edit.text.goto.line"
"Source Code","Increase Font Size","Ctrl+=","In ABAP Element Info View","com.sap.adt.tools.abapsource.ui.elementInfoIncreaseFont"
"Text Editing","Select Next Word","Ctrl+Shift+Right","Editing Text","org.eclipse.ui.edit.text.select.wordNext"
"Source","Navigate to","F3","Editing CDS DDL Source","com.sap.ndb.studio.cds.editor.ui.navigateTo"
"Text Editing","Select Previous Word","Ctrl+Shift+Left","Embedded Xtext Editor context","org.eclipse.ui.edit.text.select.wordPrevious"
"JavaScript Debug","Open Source","Ctrl+Shift+3","Debugging","org.eclipse.wst.jsdt.debug.ui.script.opensource"
"Run/Debug","Next Memory Monitor","Ctrl+Alt+N","In Memory View","org.eclipse.debug.ui.commands.nextMemoryBlock"
"Text Editing","Scroll Line Down","Ctrl+Down","Editing Text","org.eclipse.ui.edit.text.scroll.lineDown"
"Uncategorized","Add Node","Alt+O","Context Tab","com.sap.adt.wda.controller.ui.addnodecommand"
"Edit","Toggle Block Selection","Ctrl+Shift+A","Editing Text","org.eclipse.ui.edit.text.toggleBlockSelectionMode"
"Navigate","Next Page","Alt+F7","In Windows","org.eclipse.ui.part.nextPage"
"Git","Collapse Working Tree","Ctrl+Left","In Git Repositories View","org.eclipse.egit.ui.RepositoriesViewCollapseWorkingTree"
"Window","Activate Editor","Ctrl+Shift+F12","In Windows","org.eclipse.ui.window.activateEditor"
"Text Editing","Cut Line","Ctrl+Shift+X","In Dialogs and Windows","org.eclipse.ui.edit.text.cut.line"
"Source Code","Format","Alt+Shift+F","Editing ABAP Code","com.sap.adt.tools.abapsource.ui.prettyPrint"
"Inline Search","Replace and Find Next","Alt+Shift+1","Inline Search is Active","com.genuitec.eclipse.inlinesearch.replaceone"
"Run/Debug","Toggle Breakpoint","F9","In Windows","org.eclipse.debug.ui.commands.ToggleBreakpoint"
"Navigate","Open Resource","Ctrl+Shift+R","In Windows","org.eclipse.ui.navigate.openResource"
"Terminal view commands","Terminal view insert","Alt+W","Terminal Typing Connected","org.eclipse.tm.terminal.command1"
"Navigate","Open Maven POM","Alt+Shift+P","In Windows","org.eclipse.m2e.core.ui.command.openPom"
"Terminal view commands","Terminal view insert","Alt+N","Terminal Typing Connected","org.eclipse.tm.terminal.command1"
"Run/Debug","Debug on Server","Alt+Shift+D, R","In Windows","org.eclipse.wst.server.launchShortcut.debug"
"Git","Copy Path to Clipboard","Ctrl+C","In Git Repositories View","org.eclipse.egit.ui.RepositoriesViewCopyPath"
"Search","Open Search Dialog","Alt+Shift+H","In Windows","org.eclipse.search.ui.openSearchDialog"
"Text Editing","Next Word","Ctrl+Right","Editing Text","org.eclipse.ui.edit.text.goto.wordNext"
"Text Editing","Scroll Line Up","Ctrl+Up","Editing Text","org.eclipse.ui.edit.text.scroll.lineUp"
"Navigate","Quick Outline","Ctrl+O","Editing Java Source","org.eclipse.jdt.ui.edit.text.java.show.outline"
"Views","Show View (Error Log)","Alt+Shift+Q, L","In Windows","org.eclipse.ui.views.showView"
"Modeler Keys","Copy Element  in Output pane","Ctrl+C","Output Pane","com.sap.ndb.studio.bi.uibindings.command.copyElement"
"Navigate","Go to Line","Ctrl+L","Embedded Xtext Editor context","org.eclipse.ui.edit.text.goto.line"
"Run/Debug","Go to Table Line","Ctrl+L","In ABAP Table View","com.sap.adt.debugger.ui.commands.GotoTableLine"
"Editing","Toggle Comment","Ctrl+/","Editing Xtext Source","org.eclipse.xtext.ui.ToggleCommentAction"
"Text Editing","Previous Word","Ctrl+Left","Editing Text","org.eclipse.ui.edit.text.goto.wordPrevious"
"Uncategorized","Show ABAP Language Help","F1","Editing Text","com.sap.adt.docu.ui.command.showABAPLanguageHelp"
"SAP HANA Studio SQL Administration Console","Execute","F8","SAP HANA SQL Prepared Parameter Editor","com.sap.ndb.studio.sql.action.ExecuteSQL"
"Run/Debug","Coverage SWTBot Test","Alt+Shift+E, S","In Windows","org.eclipse.eclemma.ui.swtBotJunitShortcut.coverage"
"Editing","Toggle Comment","Ctrl+7","Editing Xtext Source","org.eclipse.xtext.ui.ToggleCommentAction"
"Network View Commands","Show/Hide &Filter","Ctrl+F","Network View Context","com.sap.adt.objectrelations.ui.command.toggleFilter"
"Views","Show View","Alt+Shift+Q, D","In Windows","org.eclipse.ui.views.showView"
"Terminal view commands","Terminal view insert","Alt+L","Terminal Typing Connected","org.eclipse.tm.terminal.command1"
"Views","Show View (History)","Alt+Shift+Q, Z","In Windows","org.eclipse.ui.views.showView"
"Navigate","Navigate To (Declaration)","F12","Editing ABAP Code","com.sap.adt.tools.abapsource.ui.navigateToDef"
"SAP GUI Commands","SAP GUI Shortcut","Ctrl+S","SAP Gui","com.sap.adt.sapgui.ui.ShortCut"
"Navigate","Quick Outline","Ctrl+O","Editing JavaScript Source","org.eclipse.wst.jsdt.ui.edit.text.java.show.outline"
"Source Code","Forward","Alt+Right","In ABAP Element Info View","com.sap.adt.tools.abapsource.ui.elementInfoForward"
"Text Editing","Line Start","Home","Editing Text","org.eclipse.ui.edit.text.goto.lineStart"
"Source Code","Hide Comments","Ctrl+Alt+F7","Editing ABAP Code","com.sap.adt.cds.ui.hideComments"
"Activation Category","Activate Multiple ABAP Development Objects","Ctrl+Shift+F3","Activating ABAP Development Objects","com.sap.adt.activation.ui.command.multiActivation"
"Quick Search","Quick Search","Ctrl+Alt+Shift+L","In Windows","org.eclipse.text.quicksearch.commands.quicksearchCommand"
"Uncategorized","Toggle","Ctrl+Shift+F5","Editing ABAP Code","com.sap.adt.tools.sqlm.toggleChillies"
"Edit","Quick Diff Toggle","Ctrl+Shift+Q","Editing Text","org.eclipse.quickdiff.toggle"
"File","Refresh","F5","Table Distribution Editor","org.eclipse.ui.file.refresh"
"Modeler Keys","Zoom (Reset)","Alt+Shift+0","SAP HANA Modeler Editor","com.sap.ndb.studio.bi.uibindings.command.zoom"
"Text Editing","Toggle Overwrite","Insert","Editing Text","org.eclipse.ui.edit.text.toggleOverwrite"
"Run/Debug","Profile ABAP application","Ctrl+F9","Developing ABAP","com.sap.adt.profiler.ui.GuiProfilingShortcut.profile"
"JET Source Actions","Format","Ctrl+Shift+F","Editing JET Source","org.eclipse.codegen.ui.jet.format"
"Refactor - Java","Inline","Alt+Shift+I","In Windows","org.eclipse.jdt.ui.edit.text.java.inline"
"Run/Debug","Toggle Soft Breakpoint","Alt+B","Editing ABAP Code","com.sap.adt.debugger.ui.commands.ToggleSoftBreakpoint"
"Views","Show View (Cheat Sheets)","Alt+Shift+Q, H","In Windows","org.eclipse.ui.views.showView"
"Navigate","Open Type Hierarchy","F4","In Windows","org.eclipse.jdt.ui.edit.text.java.open.type.hierarchy"
"Source Code","Rename...","F2","In ABAP Source Editor Outline","com.sap.adt.tools.core.ui.rename"
"Uncategorized","Create Logpoint...","Ctrl+Alt+L","Editing ABAP Code","com.sap.adt.logpoint.ui.createLogpoint"
"Run/Debug","Run on Server","Alt+Shift+X, R","In Windows","org.eclipse.wst.server.launchShortcut.run"
"Source Code","Increase Font Size","Ctrl++","In ABAP Element Info View","com.sap.adt.tools.abapsource.ui.elementInfoIncreaseFont"
"Run/Debug","Run ABAP Unit Tests with Coverage","Ctrl+Shift+F11","Developing ABAP","com.sap.adt.tool.abap.unit.launchShortcutWithCoverage.coverage"
"Edit","Find Next","F3","In Windows","org.eclipse.ui.edit.findNext"
"JET Source Actions","Show Source Quick Menu","Alt+Shift+S","Editing JET Source","org.eclipse.codegen.ui.jet.source.quickmenu"
"File","Refresh","F5","SAP HANA Catalog Editor","org.eclipse.ui.file.refresh"
"Run/Debug","Run to Line","Ctrl+R","Debugging","org.eclipse.debug.ui.commands.RunToLine"
"Navigate","Previous Page","Alt+Shift+F7","In Windows","org.eclipse.ui.part.previousPage"
"Edit","Find and Replace","Ctrl+F","In Windows","org.eclipse.ui.edit.findReplace"
"Edit","Remove Block Comment","Ctrl+Shift+\","Editing in Structured Text Editors","org.eclipse.wst.sse.ui.remove.block.comment"
"Refactor - Java","Extract Method","Alt+Shift+M","In Windows","org.eclipse.jdt.ui.edit.text.java.extract.method"
"Run/Debug","Run ABAP Test Cockpit","Ctrl+Shift+F2","Developing ABAP","com.sap.adt.atc.ui.launchShortcut.run"
"Source Code","Back","Alt+Left","In ABAP Element Info View","com.sap.adt.tools.abapsource.ui.elementInfoBack"
"Run/Debug","Run Maven Build","Alt+Shift+X, M","In Windows","org.eclipse.m2e.core.pomFileAction.run"
"Text Editing","To Lower Case","Ctrl+Shift+Y","Embedded Xtext Editor context","org.eclipse.ui.edit.text.lowerCase"
"Server","Debug","Ctrl+Alt+D","In Servers View","org.eclipse.wst.server.debug"
"Transport Management","Release Transport Request","F9","Transport Management","com.sap.adt.tm.ui.release"
"Source","Add Block Comment","Alt+Shift+A","Editing ABAP Code","org.eclipse.wst.jsdt.ui.edit.text.java.add.block.comment"
"Edit","Next Sibling","Ctrl+Shift+Down","Editing in Structured Text Editors","org.eclipse.wst.xml.ui.nextSibling"
"Text Editing","Select Line End","Shift+End","Embedded Xtext Editor context","org.eclipse.ui.edit.text.select.lineEnd"
"File","Save","Ctrl+S","In Windows","org.eclipse.ui.file.save"
"Edit","Select Previous Element","Alt+Shift+Left","Editing in Structured Text Editors","org.eclipse.wst.sse.ui.structure.select.previous"
"Inline Search","Close Inline Search","Esc","Editing Text","com.genuitec.eclipse.inlinesearch.commands.hideFindReplaceBarCommand"
"Edit","Paste","Ctrl+V","Auditing Tab","org.eclipse.ui.edit.paste"
"Window","Switch to Editor","Alt+Shift+E","In Windows","org.eclipse.ui.window.switchToEditor"
"Run/Debug","Coverage Java Application","Alt+Shift+E, J","In Windows","org.eclipse.eclemma.ui.localJavaShortcut.coverage"
"Run/Debug","Step Over","F6","Debugging","org.eclipse.debug.ui.commands.StepOver"
"Edit","Select Enclosing Element","Alt+Shift+Up","Editing in Structured Text Editors","org.eclipse.wst.sse.ui.structure.select.enclosing"
"Run/Debug","Run ABAP Unit Tests","Ctrl+Shift+F10","Developing ABAP","com.sap.adt.tool.abap.unit.launchShortcut.run"
"Navigate","Open Declaration","F3","In Windows","org.eclipse.jdt.ui.edit.text.java.open.editor"
"Edit","Select Enclosing Element","Alt+Shift+Up","Editing JET Source","org.eclipse.jdt.ui.edit.text.java.select.enclosing"
"Edit","Delete","Delete","In Windows","org.eclipse.ui.edit.delete"
"Navigate","Quick Outline","Ctrl+O","WikiText Markup Source Context","org.eclipse.mylyn.wikitext.ui.quickOutlineCommand"
"Network View Commands","&Rename View","Ctrl+R","Network View Context","com.sap.adt.objectrelations.ui.command.renameView"
"Run/Debug","Next Page of Memory","Ctrl+Shift+.","In Table Memory Rendering","org.eclipse.debug.ui.command.nextpage"
"Navigate","Forward History","Alt+Right","In Windows","org.eclipse.ui.navigate.forwardHistory"
"Navigate","Compare with Last Used Project","Alt+Shift+C","Developing ABAP","com.sap.adt.tools.abapsource.ui.compareWithLastUsedProject"
"Source","Toggle Comment","Ctrl+Shift+C","Editing JavaScript Source","org.eclipse.wst.jsdt.ui.edit.text.java.toggle.comment"
"Text Editing","Select Previous Word","Ctrl+Shift+Left","Editing Text","org.eclipse.ui.edit.text.select.wordPrevious"
"Edit","Content Assist","Ctrl+Space","In Dialogs and Windows","org.eclipse.ui.edit.text.contentAssist.proposals"
"Edit","Cut","Ctrl+X","In Dialogs and Windows","org.eclipse.ui.edit.cut"
"Network View Commands","Focus On","F4","Network View Context","com.sap.adt.objectrelations.ui.command.focusOn"
"Edit","Restore Last Selection","Alt+Shift+Down","Editing JET Source","org.eclipse.jdt.ui.edit.text.java.select.last"
"Editing","Format","Ctrl+Shift+F","Editing Xtext Source","org.eclipse.xtext.ui.FormatAction"
"Authorization Commands","Deploy","F8","Authorization Editor","com.sap.ndb.studio.authorization.action.ExecuteDeploy"
"Edit","Cut","Shift+Delete","In Dialogs and Windows","org.eclipse.ui.edit.cut"
"Views","Show View (Debug)","Ctrl+Shift+D","In Windows","org.eclipse.ui.views.showView"
"File","Save As","Ctrl+Shift+S","In Windows","org.eclipse.ui.file.saveAs"
"Window","Previous View","Ctrl+Shift+F7","In Windows","org.eclipse.ui.window.previousView"
"Navigate","Go to Next Member","Ctrl+Shift+Down","Editing JavaScript Source","org.eclipse.wst.jsdt.ui.edit.text.java.goto.next.member"
"Text Editing","Zoom In","Ctrl+=","Editing Text","org.eclipse.ui.edit.text.zoomIn"
"Run/Debug","Debug Java Application","Alt+Shift+D, J","In Windows","org.eclipse.jdt.debug.ui.localJavaShortcut.debug"
"Source Code","Open Target","Alt+Shift+T","Editing ABAP Code","com.sap.adt.tools.abapsource.ui.navigateToTarget"
"Edit","Incremental Find","Ctrl+J","Editing Text","org.eclipse.ui.edit.findIncremental"
"Source Code","Assign to Attribute","Ctrl+2, F","Editing ABAP Code","com.sap.adt.tools.core.ui.quickfix.assignToAttribute"
"Network View Commands","Other Object","Ctrl+O","Network View Context","com.sap.adt.objectrelations.ui.command.selectObject"
"Terminal view commands","Terminal view insert","Alt+R","Terminal Typing Connected","org.eclipse.tm.terminal.command1"
"Navigate","Open External JSDoc","Shift+F2","JavaScript View","org.eclipse.wst.jsdt.ui.edit.text.java.open.external.javadoc"
"Source","Quick Assist - Assign to variable in new try-with-resources block","Ctrl+2, T","Editing Java Source","org.eclipse.jdt.ui.correction.assignInTryWithResources.assist"
"Navigate","Next Sub-Tab","Alt+PageDown","In Dialogs and Windows","org.eclipse.ui.navigate.nextSubTab"
"Navigate","Goto Matching Bracket","Ctrl+Shift+\","Editing JET Source","org.eclipse.emf.codegen.ui.jet.goto.matching.bracket"
"Text Editing","Toggle Folding","Ctrl+Numpad_Divide","Editing Text","org.eclipse.ui.edit.text.folding.toggle"
"Source Code","Complete Keyword","Tab","ABAP Keyword Completion","com.sap.adt.tools.abapsource.ui.completeWord"
"Window","Find Actions","Ctrl+3","In Windows","org.eclipse.ui.window.quickAccess"
"Views","Show View (Where-Used List)","Alt+Shift+Q, W","In Windows","org.eclipse.ui.views.showView"
"Search","Show Occurrences in File Quick Menu","Ctrl+Shift+U","JavaScript View","org.eclipse.wst.jsdt.ui.edit.text.java.search.occurrences.in.file.quickMenu"
"SAP HANA Database Administration","System Monitor","Ctrl+Shift+M","Navigator","com.sap.ndb.studio.admin.command.systemmonitor"
"Window","Select Maven Profiles","Ctrl+Alt+P","In Windows","org.eclipse.m2e.profiles.ui.commands.selectMavenProfileCommand"
"Server","Publish","Ctrl+Alt+P","In Servers View","org.eclipse.wst.server.publish"
"Uncategorized","Get Where-&Used List","Ctrl+Shift+G","XREF context","com.sap.ndb.studio.dwb.repository.whereused.ui.command"
"Source Code","Assign to Local Variable","Ctrl+2, L","Editing ABAP Code","com.sap.adt.tools.core.ui.quickfix.assignToLocalVariable"
"File","Close All","Ctrl+K, Ctrl+W","In Windows","org.eclipse.ui.file.closeAll"
"Modeler Keys","Rename","Alt+Shift+R","Navigator","com.sap.ndb.studio.modeler.actions.Rename"
"Navigate","Previous Edit Location","Ctrl+Alt+Left","In Windows","org.eclipse.ui.edit.text.gotoLastEditPosition"
"Uncategorized","Copy Logpoint ","Ctrl+F7","Logpoints","com.sap.adt.logpoint.ui.copyLogpoint"
"Modeler Navigator","New...","Ctrl+N","Navigator","com.sap.ndb.studio.modeler.actions.new"
"Run/Debug","Back To System Area  ","Alt+Left","In System Areas View","com.sap.adt.debugger.ui.commands.SystemAreaBack"
"Edit","Select Next Element","Alt+Shift+Right","Editing JET Source","org.eclipse.jdt.ui.edit.text.java.select.next"
"Source Code","Format","Shift+F1","Editing ABAP Code","com.sap.adt.tools.abapsource.ui.prettyPrint"
"Text Editing","Duplicate Lines","Alt+Shift+Up","Editing Text","org.eclipse.ui.edit.text.copyLineUp"
"Text Editing","To Upper Case","Ctrl+Shift+X","Embedded Xtext Editor context","org.eclipse.ui.edit.text.upperCase"
"Terminal view commands","Terminal view insert","Alt+H","Terminal Typing Connected","org.eclipse.tm.terminal.command1"
"File","New (ABAP Repository Object)","Ctrl+Shift+N","Developing ABAP","org.eclipse.ui.newWizard"
"Source","Format","Ctrl+Shift+F","Editing JavaScript Source","org.eclipse.wst.jsdt.ui.edit.text.java.format"
"Modeler Keys","Move Element in Output Pane (Up)","Ctrl+[","SAP HANA Modeler Editor","com.sap.ndb.studio.bi.uibindings.command.move"
"Edit","Restore Last Selection","Alt+Shift+Down","Editing Java Source","org.eclipse.jdt.ui.edit.text.java.select.last"
"SAP HANA Studio SQL Administration Console","Execute","F9","SAP HANA SQL Console","com.sap.ndb.studio.sql.action.ExecuteSQLCursorPos"
"Edit","Add Maven Dependency","Ctrl+Shift+D","Editing XML Source","org.eclipse.m2e.core.ui.command.addDependency"
"Edit","Toggle Word Wrap","Alt+Z","Editing Text","org.eclipse.ui.edit.text.toggleWordWrap"
"Run/Debug","Java Breakpoint Properties","Alt+Enter","In Breakpoints View","org.eclipse.jdt.debug.ui.breakpoint.properties"
"Modeler Keys","Auto Arrange","Ctrl+L","SAP HANA Modeler Editor","com.sap.ndb.studio.bi.uibindings.command.autolayout"
"Text Editing","Open Hyperlink","F3","in Generic Code Editor","org.eclipse.ui.edit.text.open.hyperlink"
"Window","Quick Switch Editor","Ctrl+E","In Windows","org.eclipse.ui.window.openEditorDropDown"
"Source","Remove Block Comment","Ctrl+Shift+\","Editing JavaScript Source","org.eclipse.wst.jsdt.ui.edit.text.java.remove.block.comment"
"Text Editing","Select Line Start","Shift+Home","Editing Text","org.eclipse.ui.edit.text.select.lineStart"
"Refactor - Java","Move - Refactoring ","Alt+Shift+V","In Windows","org.eclipse.jdt.ui.edit.text.java.move.element"
"File","Close","Ctrl+W","In Windows","org.eclipse.ui.file.close"
"Run/Debug","Coverage Eclipse Application","Alt+Shift+E, E","In Windows","org.eclipse.eclemma.ui.workbenchShortcut.coverage"
"Source Code","Indent","Ctrl+]","Editing ABAP Code","com.sap.adt.tools.abapsource.ui.indent"
"Editing","Restore Last Selection","Alt+Shift+Down","Editing Xtext Source","org.eclipse.xtext.ui.editor.select.last"
"Navigate","Show In...","Alt+Shift+W","In Windows","org.eclipse.ui.navigate.showInQuickMenu"
"Run/Debug","Jump to Line","Shift+F12","Debugging ABAP","com.sap.adt.debugger.ui.commands.JumpToLine"
"Source Code","Insp&ect Variable","Ctrl+Shift+I","Debugging AMDP","com.sap.adt.amdp.debugger.ui.showVariableFromSelection"
"Edit","Restore Last Selection","Alt+Shift+Down","Editing in Structured Text Editors","org.eclipse.wst.sse.ui.structure.select.last"
"Terminal view commands","Terminal view insert","Alt+P","Terminal Typing Connected","org.eclipse.tm.terminal.command1"
"File","Rename","F2","In Windows","org.eclipse.ui.edit.rename"
"Terminal view commands","Terminal view insert","Alt+C","Terminal Typing Connected","org.eclipse.tm.terminal.command1"
"Source Code","Show in Quick Assist View","Ctrl+Shift+1","Editing ABAP Code","com.sap.adt.refactoring.ui.showInQuickAssistView"
"Uncategorized","Add Attribute","Alt+T","Attribute tab","com.sap.adt.wda.controller.ui.addattributecommand"
"Run/Debug","Step Into Selection","Ctrl+F5","Debugging","org.eclipse.jdt.debug.ui.commands.StepIntoSelection"
"Uncategorized","Quick Fix","Ctrl+1","Problems View","com.sap.adt.atc.ui.quickfix"
"Window","Show View Menu","Ctrl+F10","In Dialogs and Windows","org.eclipse.ui.window.showViewMenu"
"Edit","Format","Ctrl+Shift+F","Editing in Structured Text Editors","org.eclipse.wst.sse.ui.format.document"
"Modeler Navigator","Find","Ctrl+F","Navigator","com.sap.ndb.studio.modeler.find"
"Uncategorized","Add Supply Function","Alt+S","Declaration Tab","com.sap.adt.wda.controller.ui.addsupplyfunctioncommand"
"Terminal view commands","Maximize Active View or Editor","Alt+Up","Terminal Control in Focus","org.eclipse.tm.terminal.maximize"
"Text Editing","Expand All","Ctrl+K, Ctrl+J","Editing Text","org.eclipse.ui.edit.text.folding.expand_all"
"Run/Debug","Debug Java Applet","Alt+Shift+D, A","In Windows","org.eclipse.jdt.debug.ui.javaAppletShortcut.debug"
"Activation Category","Activate","Ctrl+F3","Activating ABAP Development Objects","com.sap.adt.activation.ui.command.singleActivation"
"Source","Toggle Comment","Ctrl+/","Editing JavaScript Source","org.eclipse.wst.jsdt.ui.edit.text.java.toggle.comment"
"Modeler Navigator","Data Preview","Ctrl+Shift+P","Navigator","com.sap.ndb.studio.modeler.actions.datapreview"
"Views","Show View (Transport Organizer)","Ctrl+Shift+G","In Windows","org.eclipse.ui.views.showView"
"Edit","Copy","Ctrl+C","Refactor context","com.sap.ndb.studio.dwb.repository.refactoring.ui.masscopycommand"
"JavaScript Debug","Evaluate","Alt+Shift+E","Editing JavaScript Source","org.eclipse.wst.jsdt.debug.ui.evaluate.command"
"Search","ABAP Where-used List","Shift+F12","Using ABAP Repository Information System","com.sap.adt.ris.whereused.ui.callWhereUsed"
"Window","Toggle Main Toolbar Visibility","Alt+T","In Windows","org.eclipse.ui.ToggleCoolbarAction"
"Uncategorized","Edit Properties","Ctrl+Shift+Z","In Windows","com.sap.adt.wda.view.ui.internal.command.editproperties"
"Run/Debug","Coverage","Ctrl+Shift+F11","In Windows","org.eclipse.eclemma.ui.commands.CoverageLast"
"Edit","Add Block Comment","Ctrl+Shift+/","Editing in Structured Text Editors","org.eclipse.wst.sse.ui.add.block.comment"
"Run/Debug","Coverage JUnit Test","Alt+Shift+E, T","In Windows","org.eclipse.eclemma.ui.junitShortcut.coverage"
"Views","Show View (Project Explorer)","Ctrl+Shift+E","In Windows","org.eclipse.ui.views.showView"
"Uncategorized","Reset Logpoint Logs","Ctrl+F6","Logpoints","com.sap.adt.logpoint.ui.resetLogpointLogs"
"Edit","Add Maven Plugin","Ctrl+Shift+P","Editing XML Source","org.eclipse.m2e.core.ui.command.addPlugin"
"Language Servers","Go to Symbol in File","Ctrl+O","Editing Text","org.eclipse.lsp4e.symbolinfile"
"ABAP Profiler","Profile ABAP Development Object","Alt+F9","Developing ABAP","com.sap.adt.profiler.ui.traceAbapDevelopmentObject"
"Text Editing","To Upper Case","Ctrl+Shift+X","Editing Text","org.eclipse.ui.edit.text.upperCase"
"Run/Debug","Coverage TestNG Suite","Alt+Shift+E, G","In Windows","org.eclipse.eclemma.ui.testNgSuiteShortcut.coverage"
"Uncategorized","Open Data Previe&w...","Ctrl+Shift+P","CDS Data Preview","com.sap.ndb.studio.cds.datapreview.ui.command"
"Run/Debug","Coverage RAP JUnit Test","Alt+Shift+E, R","In Windows","org.eclipse.eclemma.ui.junitRAPShortcut.coverage"
"SAP HANA Studio SQL Administration Console","Execute","F8","SAP HANA Catalog Editor","com.sap.ndb.studio.sql.action.ExecuteSQL"
"Run/Debug","Inspect","Ctrl+Shift+I","In Dialogs and Windows","org.eclipse.jdt.debug.ui.commands.Inspect"
"Source Code","Add Comment","Ctrl+K, Ctrl+C","Editing ABAP Code","com.sap.adt.tools.abapsource.ui.addComment"
"Inline Search","Show Inline Search","Ctrl+F","Editing Text","com.genuitec.eclipse.inlinesearch.commands.showFindReplaceBarCommand"
"SAP HANA Development","Activate","Ctrl+F3","SAP HANA Development Context","com.sap.ndb.studio.dwb.team.ui.commands.activate"
"Edit","Context Information","Ctrl+Shift+Space","In Dialogs and Windows","org.eclipse.ui.edit.text.contentAssist.contextInformation"
"Views","Show View (Variables)","Alt+Shift+Q, V","In Windows","org.eclipse.ui.views.showView"
"Text Editing","Show Tooltip Description","F4","Embedded Xtext Editor context","org.eclipse.ui.edit.text.showInformation"
"Source","Quick Assist - Assign to local variable","Ctrl+2, L","Editing JavaScript Source","org.eclipse.wst.jsdt.ui.correction.assignToLocal.assist"
"Uncategorized","Move Down","Ctrl+Shift+Down","In Windows","com.sap.adt.wda.view.ui.internal.command.movedown"
"Source","Toggle Comment","Ctrl+Shift+C","Editing Properties Files","org.eclipse.jdt.ui.edit.text.java.toggle.comment"
"Navigate","Quick Hierarchy","Ctrl+T","Editing ABAP Code","com.sap.adt.tools.abapsource.ui.showQuickHierarchy"
"Terminal view commands","Terminal view insert","Alt+E","Terminal Typing Connected","org.eclipse.tm.terminal.command1"
"Navigate","Find References","Ctrl+Shift+G","Editing Xtext Source","org.eclipse.xtext.ui.editor.FindReferences"
"Terminal view commands","Terminal view insert","Alt+A","Terminal Typing Connected","org.eclipse.tm.terminal.command1"
"Git","Commit...","Ctrl+#","In Windows","org.eclipse.egit.ui.team.Commit"
"Search","Search All Occurrences in File","Alt+Enter","In Dialogs and Windows","org.eclipse.jdt.ui.edit.text.java.search.occurrences.in.file"
"Network View Commands","&Open","F3","Network View Context","com.sap.adt.objectrelations.ui.command.openObject"
"Source Code","Toggle Comment","Ctrl+/","Editing ABAP Code","com.sap.adt.tools.abapsource.ui.toggleComment"
"Window","Toggle Split Editor (Vertical)","Ctrl+\","In Windows","org.eclipse.ui.window.splitEditor"
"Uncategorized","Add Event Handler","Alt+L","Declaration Tab","com.sap.adt.wda.controller.ui.addeventhandlercommand"
"Text Editing","Delete Previous Word","Ctrl+Backspace","Embedded Xtext Editor context","org.eclipse.ui.edit.text.deletePreviousWord"
"Source Code","Copy ABAP Unit Results","Ctrl+C","ABAP Unit View","com.sap.adt.tool.abap.unit.copyTestResult"
"Modeler Keys","Paste Element in Output pane","Ctrl+V","Output Pane","com.sap.ndb.studio.bi.uibindings.command.pasteElement"
"Refactor - Java","Extract Local Variable","Alt+Shift+L","Editing JET Source","org.eclipse.jdt.ui.edit.text.java.extract.local.variable"
"Navigate","Open Type in Hierarchy","Ctrl+Shift+H","JavaScript View","org.eclipse.wst.jsdt.ui.navigate.open.type.in.hierarchy"
"Edit","Redo","Ctrl+Y","In Dialogs and Windows","org.eclipse.ui.edit.redo"
"Inline Search","Delete Next Word","Ctrl+Delete","Inline Search is Active","com.genuitec.eclipse.inlinesearch.delete.next"
"Run/Debug","Run Ant Build","Alt+Shift+X, Q","In Windows","org.eclipse.ant.ui.antShortcut.run"
"Search","Find Text in Workspace","Ctrl+Alt+G","In Windows","org.eclipse.search.ui.performTextSearchWorkspace"
"Edit","Find Previous","Shift+F3","Embedded Xtext Editor context","org.eclipse.ui.edit.findPrevious"
"Text Editing","Delete to End of Line","Ctrl+Shift+Delete","Embedded Xtext Editor context","org.eclipse.ui.edit.text.delete.line.to.end"
"SAP HANA Development","Open SAP HANA Development Object","Ctrl+Shift+A","SAP HANA Development Context","com.sap.ndb.studio.dwb.team.ui.commands.openObject"
"Navigate","Previous Edit Location","Ctrl+Q","In Windows","org.eclipse.ui.edit.text.gotoLastEditPosition"
"Terminal Commands","Open Local Terminal on Selection","Ctrl+Alt+Shift+T","In Windows","org.eclipse.tm.terminal.view.ui.command.launchToolbar"
"Source Code","Show 'Source Code' Menu","Alt+Shift+S","Editing ABAP Code","com.sap.adt.tools.abapsource.ui.source.quickMenu"
"Run/Debug","Run ABAP Unit Tests With...","Ctrl+Shift+F12","Developing ABAP","com.sap.adt.tool.abap.unit.launchShortcutAdvancedMode.run"
"Window","Next Perspective","Ctrl+F8","In Windows","org.eclipse.ui.window.nextPerspective"
"Source","Annotate Class File","Ctrl+.","Browsing attached Java Source","org.eclipse.jdt.ui.edit.text.java.annotate.classFile"
"Edit","Toggle Insert Mode","Ctrl+Shift+Insert","Editing Text","org.eclipse.ui.edit.text.toggleInsertMode"
"Refactor - Java","Change Method Signature","Alt+Shift+C","In Windows","org.eclipse.jdt.ui.edit.text.java.modify.method.parameters"
"Views","Show View (Console)","Alt+Shift+Q, C","In Windows","org.eclipse.ui.views.showView"
"Edit","Word Completion","Alt+/","Editing Text","org.eclipse.ui.edit.text.hippieCompletion"
"Navigate","Open Manifest","Ctrl+Alt+Shift+M","In Windows","org.eclipse.pde.ui.openManifest"
"SAP HANA Studio SQL Administration Console","Close All Results","Ctrl+Shift+A","SAP HANA Catalog Editor","com.sap.ndb.studio.sql.action.CloseAllResults"
"Modeler Keys","Zoom (In)","Ctrl+=","SAP HANA Modeler Editor","com.sap.ndb.studio.bi.uibindings.command.zoom"
"Text Editing","Expand","Ctrl+Shift+]","Editing Text","org.eclipse.ui.edit.text.folding.expand"
"File","New menu","Alt+Shift+N","In Windows","org.eclipse.ui.file.newQuickMenu"
"Navigate","Next Edit Location","Ctrl+Alt+Right","In Windows","org.eclipse.ui.edit.text.gotoNextEditPosition"
"Refactor - Java","Rename - Refactoring ","Alt+Shift+R","In Windows","org.eclipse.jdt.ui.edit.text.java.rename.element"
"KTD Editor Commands","Toggle Filter","Ctrl+F","KTD Editor Structure Section","com.sap.adt.ktd.ui.command.filterToggle"
"Refactor - Java","Extract Local Variable","Alt+Shift+L","In Windows","org.eclipse.jdt.ui.edit.text.java.extract.local.variable"
"Modeler Keys","Data Preview","Ctrl+Shift+P","SAP HANA Modeler Editor","com.sap.ndb.studio.bi.uibindings.command.datapreview"
"Source","Indent Line","Ctrl+I","Editing JavaScript Source","org.eclipse.wst.jsdt.ui.edit.text.java.indent"
"Text Editing","Join Lines","Ctrl+Alt+J","Editing Text","org.eclipse.ui.edit.text.join.lines"
"Edit","Toggle Comment","Ctrl+Shift+C","Editing in Structured Text Editors","org.eclipse.wst.sse.ui.toggle.comment"
"Uncategorized","Navigate To","F3","Navigate to controller","com.sap.adt.wda.controller.ui.navigate"
"Navigate","Expand All","Ctrl+Shift+Numpad_Multiply","In Windows","org.eclipse.ui.navigate.expandAll"
"Run/Debug","Preview ABAP Unit Tests","Ctrl+Shift+F9","Developing ABAP","com.sap.adt.tool.abap.unit.launchShortcutPreviewMode.run"
"Text Editing","Reset Structure","Ctrl+Shift+Numpad_Multiply","Editing Text","org.eclipse.ui.edit.text.folding.restore"
"Run/Debug","System Area Details","F3","In System Areas View","com.sap.adt.debugger.ui.commands.SystemAreaSelectDetails"
"File","Save","F8","SAP HANA Security Editor","org.eclipse.ui.file.save"
"Uncategorized","Add Exception","Alt+X","Declaration Tab","com.sap.adt.wda.controller.ui.addexceptioncommand"
"Edit","Find Next","Ctrl+K","Embedded Xtext Editor context","org.eclipse.ui.edit.findNext"
"Views","Show View (Package Explorer)","Alt+Shift+Q, P","In Windows","org.eclipse.ui.views.showView"
"Navigate","Open Type Hierarchy","F4","JavaScript View","org.eclipse.wst.jsdt.ui.edit.text.java.open.type.hierarchy"
"Source Code","Format Block","Ctrl+Shift+F1","Editing ABAP Code","com.sap.adt.tools.abapsource.ui.prettyPrintBlock"
"Text Editing","Duplicate Lines","Alt+Shift+Up","Embedded Xtext Editor context","org.eclipse.ui.edit.text.copyLineUp"
"Text Editing","Select Next Word","Ctrl+Shift+Right","Embedded Xtext Editor context","org.eclipse.ui.edit.text.select.wordNext"
"JET Refactor Actions","Rename","Alt+Shift+R","Editing JET Source","org.eclipse.codegen.ui.jet.rename"
"Run/Debug","New Rendering","Ctrl+N","In Memory View","org.eclipse.debug.ui.commands.newRendering"
"Source Code","Show Method Information","Alt+F12","Editing ABAP Code","com.sap.adt.tools.abapsource.ui.showInformationForMethod"
"Source","Organize Imports","Ctrl+Shift+O","In Windows","org.eclipse.jdt.ui.edit.text.java.organize.imports"
"Navigate","Open Structure","Ctrl+F3","Editing Java Source","org.eclipse.jdt.ui.navigate.java.open.structure"
"Source","Quick Assist - Assign to var","Ctrl+2, F","Editing JavaScript Source","org.eclipse.wst.jsdt.ui.correction.assignToField.assist"
"Text Editing","Line End","End","Editing Text","org.eclipse.ui.edit.text.goto.lineEnd"
"Uncategorized","Add RecursionNode","Alt+C","Context Tab","com.sap.adt.wda.controller.ui.addrecursionnodecommand"
"Text Editing","Move Lines Down","Alt+Down","Embedded Xtext Editor context","org.eclipse.ui.edit.text.moveLineDown"
"Views","Refresh View (Gradle Tasks)","F5","In Gradle Tasks View","org.eclipse.buildship.ui.commands.refreshtaskview"
"Authorization Commands","Refresh","F5","Authorization Editor","com.sap.ndb.studio.authorization.action.RefreshPrincipal"
"Source","Toggle Mark Occurrences","Alt+Shift+O","Editing JavaScript Source","org.eclipse.wst.jsdt.ui.edit.text.java.toggleMarkOccurrences"
"Text Editing","Scroll Line Up","Ctrl+Up","Embedded Xtext Editor context","org.eclipse.ui.edit.text.scroll.lineUp"
"Editing","Select Previous Element","Alt+Shift+Left","Editing Xtext Source","org.eclipse.xtext.ui.editor.select.previous"
"Search","References in Workspace","Ctrl+Shift+G","In Windows","org.eclipse.jdt.ui.edit.text.java.search.references.in.workspace"
"Source Code","Hide Annotations","Ctrl+Alt+F6","Editing ABAP Code","com.sap.adt.cds.ui.hideAnnotations"
"Source","Add JSDoc Comment","Alt+Shift+J","JavaScript View","org.eclipse.wst.jsdt.ui.edit.text.java.add.javadoc.comment"
"Text Editing","Select Line Start","Shift+Home","Embedded Xtext Editor context","org.eclipse.ui.edit.text.select.lineStart"
"Modeler Keys","Open","Ctrl+O","Navigator","com.sap.ndb.studio.modeler.actions.open"
"Source","Toggle Comment","Ctrl+7","Editing JavaScript Source","org.eclipse.wst.jsdt.ui.edit.text.java.toggle.comment"
"Server","Run","Ctrl+Alt+R","In Servers View","org.eclipse.wst.server.run"
"Navigate","Open Call Hierarchy","Ctrl+Alt+H","In Windows","org.eclipse.jdt.ui.edit.text.java.open.call.hierarchy"
"Source","Open Declaration","F3","Editing Ant Buildfiles","org.eclipse.ant.ui.open.declaration.command"
"Terminal view commands","Terminal view insert","Alt+Y","Terminal Typing Connected","org.eclipse.tm.terminal.command1"
"Edit","Paste","Ctrl+V","In Dialogs and Windows","org.eclipse.ui.edit.paste"
"Uncategorized","Find References","Ctrl+Shift+G","in Generic Code Editor","org.eclipse.ui.genericeditor.findReferences"
"Views","Show View (Search)","Ctrl+Shift+F","In Windows","org.eclipse.ui.views.showView"
"Run/Debug","Run Eclipse Application","Alt+Shift+X, E","In Windows","org.eclipse.pde.ui.runtimeWorkbenchShortcut.run"
"Run/Debug","Step Return","F7","Debugging","org.eclipse.debug.ui.commands.StepReturn"
"Run/Debug","Debug","Shift+F11","In Windows","org.eclipse.debug.ui.commands.DebugLast"
"Edit","Find Objects","Ctrl+F","SAP HANA Modeler Editor","com.sap.ndb.studio.bi.view.commands.find"
"Text Editing","Scroll Line Down","Ctrl+Down","Embedded Xtext Editor context","org.eclipse.ui.edit.text.scroll.lineDown"
"Terminal view commands","Terminal view insert","Alt+D","Terminal Typing Connected","org.eclipse.tm.terminal.command1"
"Uncategorized","Maximize/Minimize","Ctrl+F5","Logpoints","adt.tools_com.sap.adt.logpoint.ui.toggleFullscreen"
"Navigate","Navigate To (Default)","F3","Editing ABAP Code","com.sap.adt.tools.abapsource.ui.navigateTo"
"Edit","Copy","Ctrl+Insert","In Dialogs and Windows","org.eclipse.ui.edit.copy"
"Window","Toggle Split Editor (Horizontal)","Ctrl+_","In Windows","org.eclipse.ui.window.splitEditor"
"Source","Surround With Quick Menu","Alt+Shift+Z","In Windows","org.eclipse.jdt.ui.edit.text.java.surround.with.quickMenu"
"Text Editing","Delete Previous Word","Ctrl+Backspace","Editing Text","org.eclipse.ui.edit.text.deletePreviousWord"
"Window","Show System Menu","Alt+-","In Windows","org.eclipse.ui.window.showSystemMenu"
"Run/Debug","Run to Line","Shift+F8","Debugging ABAP","com.sap.adt.debugger.ui.commands.RunToLine"
"Source","Remove Occurrence Annotations","Alt+Shift+U","Editing JavaScript Source","org.eclipse.wst.jsdt.ui.edit.text.remove.occurrence.annotations"
"Source","Add Import","Ctrl+Shift+M","Editing Java Source","org.eclipse.jdt.ui.edit.text.java.add.import"
"Uncategorized","Go To Source Code ","F3","Logpoints","adt.tools_com.sap.adt.logpoint.ui.navigate"
"Modeler Keys","Copy Node","Ctrl+C","Scenario","com.sap.ndb.studio.bi.uibindings.command.copyNode"
"Git","Rename Branch...","F2","In Git Repositories View","org.eclipse.egit.ui.team.RenameBranch"
"Edit","Incremental Find","Ctrl+J","Embedded Xtext Editor context","org.eclipse.ui.edit.findIncremental"
"Inline Search","Open Replace Bar","Ctrl+Down","Inline Search is Active","com.genuitec.eclipse.inlinesearch.replace.toggle.open"
"Navigate","Show 'Open In Project' Menu","Ctrl+Alt+P","Developing ABAP","com.sap.adt.tools.abapsource.ui.showOpenInProjectMenu"
"Edit","Select Next Element","Alt+Shift+Right","Editing Java Source","org.eclipse.jdt.ui.edit.text.java.select.next"
"Uncategorized","Navigate to","F3","Navigate to controller","com.sap.adt.wda.component.ui.navigate"
"File","Close All","Ctrl+Shift+F4","In Windows","org.eclipse.ui.file.closeAll"
"Terminal view commands","Terminal view insert","Alt+B","Terminal Typing Connected","org.eclipse.tm.terminal.command1"
"Window","Previous Editor","Ctrl+Shift+Tab","In Windows","org.eclipse.ui.window.previousEditor"
"Uncategorized","Bind to context","Ctrl+Shift+P","In Windows","com.sap.adt.wda.view.ui.internal.command.contextbind"
"Run/Debug","Run JUnit Plug-in Test","Alt+Shift+X, P","In Windows","org.eclipse.pde.ui.junitWorkbenchShortcut.run"
"Source","Toggle Comment","Ctrl+Shift+C","Editing Java Source","org.eclipse.jdt.ui.edit.text.java.toggle.comment"
"Run/Debug","Run JUnit Test","Alt+Shift+X, T","In Windows","org.eclipse.jdt.junit.junitShortcut.run"
"Text Editing","Insert Line Above Current Line","Ctrl+Shift+Enter","Embedded Xtext Editor context","org.eclipse.ui.edit.text.smartEnterInverse"
"Run/Debug","Force Return","Alt+Shift+F","In Windows","org.eclipse.jdt.debug.ui.commands.ForceReturn"
"Source Code","Apply Proposal","Enter","Quick Assist View","com.sap.adt.refactoring.ui.ApplyProposal"
"Text Editing","Collapse All","Ctrl+K, Ctrl+0","Editing Text","org.eclipse.ui.edit.text.folding.collapse_all"
"Search","Declaration in Workspace","Ctrl+G","In Windows","org.eclipse.jdt.ui.edit.text.java.search.declarations.in.workspace"
"Source Code","Copy","Ctrl+C","In ABAP Source Editor Outline","com.sap.adt.tools.abapsource.ui.OutlineCopyShortcut"
"Edit","Toggle Block Selection","Ctrl+Shift+A","Embedded Xtext Editor context","org.eclipse.ui.edit.text.toggleBlockSelectionMode"
"Text Editing","Insert Line Below Current Line","Ctrl+Enter","Embedded Xtext Editor context","org.eclipse.ui.edit.text.smartEnter"
"Source","Remove Occurrence Annotations","Alt+Shift+U","Editing Java Source","org.eclipse.jdt.ui.edit.text.remove.occurrence.annotations"
"SAP HANA Database Administration","Refresh Log File","F5","Log File Editor","com.sap.ndb.studio.admin.command.refreshlogfile"
"Refactor - Java","Show Refactor Quick Menu","Alt+Shift+T","In Windows","org.eclipse.jdt.ui.edit.text.java.refactor.quickMenu"
"Uncategorized","Derive Parameter","Alt+I","Declaration Tab","com.sap.adt.wda.view.ui.deriveparametercommand"
"Run/Debug","Step Into","F5","Debugging","org.eclipse.debug.ui.commands.StepInto"
"Views","Show View (Problems)","Ctrl+Shift+M","In Windows","org.eclipse.ui.views.showView"
"Uncategorized","Delete Logpoint(s)","Delete","Logpoints","com.sap.adt.logpoint.ui.deleteLogpoint"
"Uncategorized","Open Trace ","Ctrl+T","Logpoints","adt.tools_com.sap.adt.logpoint.ui.openSQLTrace"
"Navigate","Quick Hierarchy","Ctrl+T","Editing Xtext Source","org.eclipse.jdt.ui.edit.text.java.open.hierarchy"
"Navigate","Navigate To (Matching Statement)","Ctrl+Shift+P","Editing ABAP Code","com.sap.adt.tools.abapsource.ui.navigateTo"
"Run/Debug","Run ABAP Application (Console)","F9","Developing ABAP","com.sap.adt.tools.classrun.ui.launchShortcut.run"
"Source Code","Extract Method...","Alt+Shift+M","Editing ABAP Code","com.sap.adt.tools.core.ui.extract.method"
"Editing","Select Next Element","Alt+Shift+Right","Editing Xtext Source","org.eclipse.xtext.ui.editor.select.next"
"File","Refresh","F5","In Windows","org.eclipse.ui.file.refresh"
"Transport Management","Add User","Shift+F9","Transport Management","com.sap.adt.tm.ui.adduser"
"Inline Search","Delete Previous Word","Ctrl+Backspace","Inline Search is Active","com.genuitec.eclipse.inlinesearch.delete.previous"
"Uncategorized","Add Parameter","Alt+D","Plug tab","com.sap.adt.wda.controller.ui.addplugparametercommand"
"File","New","Ctrl+N","In Windows","org.eclipse.ui.newWizard"
"Search","Declaration in Workspace","Ctrl+G","JavaScript View","org.eclipse.wst.jsdt.ui.edit.text.java.search.declarations.in.workspace"
"Terminal view commands","Terminal view insert","Alt+F","Terminal Typing Connected","org.eclipse.tm.terminal.command1"
"Text Editing","Delete Line","Ctrl+Shift+K","Editing Text","org.eclipse.ui.edit.text.delete.line"
"Text Editing","Select Line End","Shift+End","Editing Text","org.eclipse.ui.edit.text.select.lineEnd"
"Edit","Previous Sibling","Ctrl+Shift+Up","Editing in Structured Text Editors","org.eclipse.wst.xml.ui.previousSibling"
"Network View Commands","Show Element Information","Shift+F2","Network View Context","com.sap.adt.objectrelations.ui.command.showElementInfo"
"Views","Show View (Synchronize)","Alt+Shift+Q, Y","In Windows","org.eclipse.ui.views.showView"
"Network View Commands","&Reload Object Relations","F5","Network View Context","com.sap.adt.objectrelations.ui.command.reload"
"Terminal Commands","Open Local Terminal on Selection","Ctrl+Alt+T","In Windows","org.eclipse.tm.terminal.connector.local.command.launch"
"SAP GUI Commands","Run an ABAP development object","Alt+F8","In Windows","com.sap.adt.sapgui.ui.launchExecutableObject"
"Views","Show View (Javadoc)","Alt+Shift+Q, J","In Windows","org.eclipse.ui.views.showView"
"Edit","Select Previous Element","Alt+Shift+Left","Editing JET Source","org.eclipse.jdt.ui.edit.text.java.select.previous"
"Source","Rename In File","Alt+Shift+R","Editing Ant Buildfiles","org.eclipse.ant.ui.renameInFile"
"Modeler Keys","Refactor","Alt+Shift+V","Navigator","com.sap.ndb.studio.modeler.actions.Refactor"
"Edit","Find Previous","Shift+F3","In Windows","org.eclipse.ui.edit.findPrevious"
"Navigate","Go to Previous Member","Ctrl+Shift+Up","Editing JavaScript Source","org.eclipse.wst.jsdt.ui.edit.text.java.goto.previous.member"
"Text Editing","Move Lines Up","Alt+Up","Editing Text","org.eclipse.ui.edit.text.moveLineUp"
"Source","Complete Keyword","Tab","CDS DDL Keyword Completion","com.sap.ndb.studio.cds.editor.completeWord"
"Run/Debug","Run","Ctrl+F11","In Windows","org.eclipse.debug.ui.commands.RunLast"
"Inline Search","Close Replace Bar","Ctrl+Up","Inline Search is Active","com.genuitec.eclipse.inlinesearch.replace.toggle.close"
"Navigate","Show In Breadcrumb","Alt+Shift+B","Editing Java Source","org.eclipse.jdt.ui.edit.text.java.gotoBreadcrumb"
"Uncategorized","Open ADT Link","Ctrl+Alt+O","In Windows","com.sap.adt.tools.ui.openAdtLink"
"Run/Debug","Display","Ctrl+Shift+D","In Dialogs and Windows","org.eclipse.jdt.debug.ui.commands.Display"
"Navigate","Show 'Compare with Project' Menu","Ctrl+Alt+C","Developing ABAP","com.sap.adt.tools.abapsource.ui.showCompareWithProjectMenu"
"Text Editing","Copy Lines","Alt+Shift+Down","Embedded Xtext Editor context","org.eclipse.ui.edit.text.copyLineDown"
"Language Servers","Go to Symbol in Workspace","Ctrl+Shift+T","In Windows","org.eclipse.lsp4e.symbolinworkspace"
"Modeler Keys","Validate","Ctrl+Shift+V","Navigator","com.sap.ndb.studio.navigator.actions.validate"
"Uncategorized","Add Method","Alt+O","Declaration Tab","com.sap.adt.wda.controller.ui.addmethodcommand"
"Terminal view commands","Quick Access","Alt+Right","Terminal Control in Focus","org.eclipse.tm.terminal.quickaccess"
"Source","Add Block Comment","Ctrl+Shift+/","Editing JavaScript Source","org.eclipse.wst.jsdt.ui.edit.text.java.add.block.comment"
"Terminal view commands","Paste","Shift+Insert","Terminal Control in Focus","org.eclipse.tm.terminal.paste"
"Authorization Commands","Find User/Role","Ctrl+Shift+U","SAP HANA","com.sap.ndb.studio.authorization.command.findprincipal"
"Text Editing","Insert Line Above Current Line","Ctrl+Shift+Enter","Editing Text","org.eclipse.ui.edit.text.smartEnterInverse"
"Source","Organize Imports","Ctrl+Shift+O","Editing Xtext Source","org.eclipse.xtext.xbase.ui.organizeImports"
"Text Editing","Delete to End of Line","Ctrl+Shift+Delete","Editing Text","org.eclipse.ui.edit.text.delete.line.to.end"
"Text Editing","Toggle Overwrite","Insert","Embedded Xtext Editor context","org.eclipse.ui.edit.text.toggleOverwrite"
"Source Code","Copy","Ctrl+C","In ABAP Revision History View","com.sap.adt.tools.abapsource.ui.RevisionHistoryCopyNameShortcut"
"Edit","Select Enclosing Element","Alt+Shift+Up","Editing Java Source","org.eclipse.jdt.ui.edit.text.java.select.enclosing"
"Edit","Incremental Find Reverse","Ctrl+Shift+J","Embedded Xtext Editor context","org.eclipse.ui.edit.findIncrementalReverse"
"Text Editing","Delete Next Word","Ctrl+Delete","Embedded Xtext Editor context","org.eclipse.ui.edit.text.deleteNextWord"
"Edit","Incremental Find Reverse","Ctrl+Shift+J","Editing Text","org.eclipse.ui.edit.findIncrementalReverse"
"Modeler Keys","Paste Node","Ctrl+V","Scenario","com.sap.ndb.studio.bi.uibindings.command.pasteNode"
"Source Code","Rename...","F2","Editing ABAP Code","com.sap.adt.tools.core.ui.rename"
"Modeler Keys","Zoom (Out)","Ctrl+-","SAP HANA Modeler Editor","com.sap.ndb.studio.bi.uibindings.command.zoom"
"File","Remove Trailing Whitespace","Ctrl+K, Ctrl+X","Using ABAP Repository Information System","org.eclipse.ui.edit.text.removeTrailingWhitespace"
"Text Editing","Line Start","Home","Embedded Xtext Editor context","org.eclipse.ui.edit.text.goto.lineStart"
"Uncategorized","Copy Commit Id","Ctrl+C","In Git Reflog View","org.eclipse.egit.ui.internal.reflog.CopyCommand"
"Edit","Update","Ctrl+F5","Graphiti Diagram","org.eclipse.graphiti.ui.internal.action.UpdateAction"
"Views","Show View","Alt+Shift+Q, Q","In Windows","org.eclipse.ui.views.showView"
"Views","Show View","Alt+Shift+Q, R","In Windows","org.eclipse.ui.views.showView"
"Edit","Copy","Ctrl+C","Auditing Tab","org.eclipse.ui.edit.copy"
"Navigate","Go to Previous Member","Ctrl+Shift+Up","Editing Java Source","org.eclipse.jdt.ui.edit.text.java.goto.previous.member"
"Manifest Editor Source","Format Source","Ctrl+Shift+F","PDE editor","org.eclipse.pde.ui.edit.text.format"
"Source","Add Text Block","Ctrl+Shift+'","Editing Java Source","org.eclipse.jdt.ui.edit.text.java.add.textblock"
"Modeler Keys","Activate","Ctrl+Shift+A","Navigator","com.sap.ndb.studio.navigator.actions.activate"
"Window","Show Contributing Plug-in","Alt+Shift+F3","In Dialogs and Windows","org.eclipse.ui.window.spy"
"Terminal view commands","Paste","Ctrl+Shift+V","Terminal Control in Focus","org.eclipse.tm.terminal.paste"
"Run/Debug","Previous Page of Memory","Ctrl+Shift+,","In Table Memory Rendering","org.eclipse.debug.ui.command.prevpage"
"Source","Quick Assist - Assign to field","Ctrl+2, F","Editing Java Source","org.eclipse.jdt.ui.correction.assignToField.assist"
"Modeler Keys","Move Element in Output Pane (Down)","Ctrl+]","SAP HANA Modeler Editor","com.sap.ndb.studio.bi.uibindings.command.move"
"SAP HANA Database Administration","Refresh","F5","Administration Editor","com.sap.ndb.studio.admin.refresh"
"Window","Preferences","Ctrl+,","Developing ABAP","org.eclipse.ui.window.preferences"
"Text Editing","Zoom In","Ctrl++","Editing Text","org.eclipse.ui.edit.text.zoomIn"
"Navigate","Quick Outline","Ctrl+O","PDE editor","org.eclipse.pde.ui.quickOutline"
"Server","Stop","Ctrl+Alt+S","In Servers View","org.eclipse.wst.server.stop"
"Navigate","Open Declaration","F3","Editing Xtext Source","org.eclipse.xtext.ui.editor.hyperlinking.OpenDeclaration"
"Window","Next Editor","Ctrl+Tab","In Windows","org.eclipse.ui.window.nextEditor"
"Uncategorized","Add Attribute","Alt+T","Context Tab","com.sap.adt.wda.controller.ui.addcontextattributecommand"
"Source Code","Delete unused variables (selection)","Alt+Shift+U","Editing ABAP Code","com.sap.adt.tools.abapsource.ui.cleanup.deleteUnusedVariables.selection"
"Run/Debug","Run OSGi Framework","Alt+Shift+X, O","In Windows","org.eclipse.pde.ui.EquinoxLaunchShortcut.run"
"Source","Correct Indentation","Ctrl+I","Editing Java Source","org.eclipse.jdt.ui.edit.text.java.indent"
"File","Close","Ctrl+F4","In Windows","org.eclipse.ui.file.close"
"File","Print","Ctrl+P","In Windows","org.eclipse.ui.file.print"
"Run/Debug","Run ABAP Object","F8","Run ABAP Object","com.sap.adt.sapgui.ui.runApplication.run"
"Modeler Keys","Activate","Ctrl+Shift+A","SAP HANA Modeler Editor","com.sap.ndb.studio.bi.uibindings.command.activate"
"Run/Debug","Inspect ABAP Variable","Ctrl+Shift+I","Debugging ABAP","com.sap.adt.debugger.ui.commands.InspectVariable"
"Refactoring","Rename Element","Alt+Shift+R","Editing Xtext Source","org.eclipse.xtext.ui.refactoring.RenameElement"
"Text Editing","Text Start","Ctrl+Home","Editing Text","org.eclipse.ui.edit.text.goto.textStart"
"Source","Open External Documentation","Shift+F2","Editing Ant Buildfiles","org.eclipse.ant.ui.openExternalDoc"
"Navigate","Open in Last Used Project","Alt+Shift+P","Developing ABAP","com.sap.adt.tools.abapsource.ui.openInLastUsedProject"
"Navigate","Matching Character","Ctrl+Shift+P","Editing in Structured Text Editors","org.eclipse.wst.sse.ui.goto.matching.bracket"
"Modeler Keys","Copy","Ctrl+C","Navigator","com.sap.ndb.studio.modeler.actions.CtrlCCopyObject"
"Edit","Undo","Ctrl+Z","In Dialogs and Windows","org.eclipse.ui.edit.undo"
"Text Editing","Next Word","Ctrl+Right","Embedded Xtext Editor context","org.eclipse.ui.edit.text.goto.wordNext"
"SAP HANA Database Administration","Refresh Merged Trace","F5","Merged Trace Editor","com.sap.ndb.studio.admin.command.refreshmergedtrace"
"Views","Show View (Relation Explorer)","Alt+Shift+Q, R","In Windows","org.eclipse.ui.views.showView"
"Git","Quick Outline","Ctrl+O","In Diff Viewer","org.eclipse.egit.ui.commit.DiffEditorQuickOutlineCommand"
"SAP HANA Studio SQL Administration Console","Close","Ctrl+F4","SAP HANA SQL Prepared Parameter Editor","com.sap.ndb.studio.sql.editor.CloseSubWindow"
"Navigate","Open Declaration","F3","JavaScript View","org.eclipse.wst.jsdt.ui.edit.text.java.open.editor"
"Uncategorized","Add Action ","Alt+C","Declaration Tab","com.sap.adt.wda.view.ui.addactioncommand"
"Run/Debug","Toggle Memory Monitors Pane","Ctrl+T","In Memory View","org.eclipse.debug.ui.commands.toggleMemoryMonitorsPane"
"Navigator","Find System","Ctrl+Shift+N","Navigator","com.sap.ndb.studio.navigator.command.findsystem"
"Navigate","Open Type","Ctrl+Shift+T","In Windows","org.eclipse.jdt.ui.navigate.open.type"
"Source Code","Open Element Info","Shift+F2","In ABAP Element Info View","com.sap.adt.tools.abapsource.ui.openElementInfoInsideElementInfo"
"Source","Toggle Comment","Ctrl+/","Editing Properties Files","org.eclipse.jdt.ui.edit.text.java.toggle.comment"
"ABAP Search","Open ABAP Development Object","Ctrl+P","Developing ABAP","com.sap.adt.ris.search.ui.callSimpleSearch"
"Views","Show View (Type Hierarchy)","Alt+Shift+Q, T","In Windows","org.eclipse.ui.views.showView"
"Navigate","Open Call Hierarchy","Ctrl+Alt+H","Editing Xtext Grammar","org.eclipse.xtext.ui.editor.OpenCallHierarchy"
"Window","Next View","Ctrl+F7","In Windows","org.eclipse.ui.window.nextView"
"Navigate","Show In (ABAP Element Info)","F2","Network View Context","org.eclipse.ui.navigate.showIn"
"Navigate","Open Type","Ctrl+Shift+T","Editing JavaScript Source","org.eclipse.wst.jsdt.ui.navigate.open.type"
"Source Code","Rename in File","Ctrl+2, R","Editing ABAP Code","com.sap.adt.tools.core.ui.quickfix.renameInFile"
"SAP HANA Development","Activate All...","Ctrl+Shift+F3","SAP HANA Development Context","com.sap.ndb.studio.dwb.team.ui.commands.activateall"
"Uncategorized","Add Artifact to Target Platform","Ctrl+Alt+Shift+A","In Windows","org.eclipse.pde.ui.searchTargetRepositories"
"SAP HANA Studio SQL Administration Console","Execute","Shift+F8","SAP HANA SQL Console","com.sap.ndb.studio.sql.action.ExecuteSQLStep"
"Run/Debug","Coverage JUnit Plug-in Test","Alt+Shift+E, P","In Windows","org.eclipse.eclemma.ui.junitPluginShortcut.coverage"
"Source Code","Quick Outline","Ctrl+Shift+O","Editing ABAP Code","com.sap.adt.tools.abapsource.ui.QuickOutlineShortCut"
"Uncategorized","Add Parameter","Alt+T","Controller context","com.sap.adt.wda.controller.ui.addparametercommand"
"Run/Debug","Coverage TestNG Test","Alt+Shift+E, N","In Windows","org.eclipse.eclemma.ui.testNgShortcut.coverage"
"File","Properties","Alt+Enter","In Windows","org.eclipse.ui.file.properties"
"SAP HANA Studio SQL Administration Console","Execute","F8","SAP HANA SQL Console","com.sap.ndb.studio.sql.action.ExecuteSQL"
"Application Category","Open &SAP GUI for Object","Alt+G","In Windows","com.sap.adt.tools.abapsource.ui.openWithSapGui"
"Run/Debug","Add Memory Block","Ctrl+Alt+M","In Memory View","org.eclipse.debug.ui.commands.addMemoryMonitor"
"Run/Debug","Run Gradle Test","Ctrl+Alt+X, G","In Windows","org.eclipse.buildship.ui.shortcut.test.run"
"JavaScript Debug","JavaScript Breakpoint Properties","Ctrl+Enter","In Breakpoints View","org.eclipse.wst.jsdt.debug.ui.breakpoint.properties"
"File","Save All","Ctrl+K, S","In Windows","org.eclipse.ui.file.saveAll"
"Text Editing","Text Start","Ctrl+Home","Embedded Xtext Editor context","org.eclipse.ui.edit.text.goto.textStart"
"Navigate","Previous","Ctrl+,","In Windows","org.eclipse.ui.navigate.previous"
"Source","Quick Assist - Extract method","Ctrl+2, M","Editing Java Source","org.eclipse.jdt.ui.correction.extractMethodInplace.assist"
"Edit","Select Previous Element","Alt+Shift+Left","Editing Java Source","org.eclipse.jdt.ui.edit.text.java.select.previous"
"Modeler Keys","Paste","Ctrl+V","Navigator","com.sap.ndb.studio.modeler.PasteObject"
"Source Code","Toggle Mark Occurrences","Alt+Shift+O","Editing ABAP Code","com.sap.adt.tools.abapsource.ui.toggleMarkOccurrences"
"SAP HANA Studio SQL Administration Console","Find Table","Ctrl+Shift+T","SAP HANA","com.sap.ndb.studio.sql.command.findtable2"
"Navigate","Collapse All","Ctrl+Shift+Numpad_Divide","In Windows","org.eclipse.ui.navigate.collapseAll"
"Run/Debug","Debug JUnit Test","Alt+Shift+D, T","In Windows","org.eclipse.jdt.junit.junitShortcut.debug"
"Text Editing","Line End","End","Embedded Xtext Editor context","org.eclipse.ui.edit.text.goto.lineEnd"
"Edit","Export Diagram","Ctrl+O","Graphiti Diagram","org.eclipse.graphiti.ui.internal.action.SaveImageAction"
"Run/Debug","Skip All Breakpoints","Ctrl+Alt+B","In Windows","org.eclipse.debug.ui.commands.SkipAllBreakpoints"
"Window","Show Ruler Context Menu","Ctrl+F10","Embedded Xtext Editor context","org.eclipse.ui.edit.text.showRulerContextMenu"
"Source","Quick Assist - Assign to local variable","Ctrl+2, L","Editing Java Source","org.eclipse.jdt.ui.correction.assignToLocal.assist"
"Modeler Keys","Fit to Window","Ctrl+0","SAP HANA Modeler Editor","com.sap.ndb.studio.bi.uibindings.command.fittowindow"
"Text Editing","Collapse","Ctrl+Shift+[","Editing Text","org.eclipse.ui.edit.text.folding.collapse"
"Window","Show Ruler Context Menu","Ctrl+F10","Editing Text","org.eclipse.ui.edit.text.showRulerContextMenu"
"Navigate","Previous Tab","Ctrl+PageUp","In Dialogs and Windows","org.eclipse.ui.navigate.previousTab"
"Edit","Word Completion","Alt+/","Embedded Xtext Editor context","org.eclipse.ui.edit.text.hippieCompletion"
"Edit","Copy","Ctrl+C","In Dialogs and Windows","org.eclipse.ui.edit.copy"
"Editing","Select Enclosing Element","Alt+Shift+Up","Editing Xtext Source","org.eclipse.xtext.ui.editor.select.enclosing"
"Run/Debug","EOF","Ctrl+Z","In I/O Console","org.eclipse.debug.ui.commands.eof"
"Uncategorized","Show Markup Cheat Sheet","F1","WikiText Markup Source Context","org.eclipse.mylyn.wikitext.ui.editor.showCheatSheetCommand"
"Uncategorized","Quick Outline","Ctrl+O","Editing Xtext Source","org.eclipse.xtext.ui.editor.outline.QuickOutline"
"Run/Debug","Execute","Ctrl+U","In Windows","org.eclipse.jdt.debug.ui.commands.Execute"
"Navigate","Backward History","Alt+Left","In Windows","org.eclipse.ui.navigate.backwardHistory"
"Uncategorized","Toggle Filter","Ctrl+F","CHKV Editor Master Section ","adt.tools_com.sap.adt.chkv.ui.filterToggle"
"Source Code","Remove Comment","Ctrl+K, Ctrl+U","Editing ABAP Code","com.sap.adt.tools.abapsource.ui.removeComment"
"Inline Search","Replace All","Alt+Shift+Enter","Inline Search is Active","com.genuitec.eclipse.inlinesearch.replaceall"
"Edit","Remove","Shift+Delete","Graphiti Diagram","org.eclipse.graphiti.ui.internal.action.RemoveAction"
"Views","Show View (Feed Reader)","Alt+Shift+Q, F","In Windows","org.eclipse.ui.views.showView"
"SAP HANA Development","Check","Ctrl+F2","SAP HANA Development Context","com.sap.ndb.studio.dwb.team.ui.commands.check"
"Run/Debug","Coverage Scala Application","Alt+Shift+E, L","In Windows","org.eclipse.eclemma.ui.scalaShortcut.coverage"
"Source Code","Delete","Delete","In ABAP Source Editor Outline","com.sap.adt.tools.core.ui.quickfix.delete.member"
"Run/Debug","Go to Address","Ctrl+G","In Table Memory Rendering","org.eclipse.debug.ui.command.gotoaddress"
"View","Zoom Out","Ctrl+-","In Windows","org.eclipse.gef.zoom_out"
"Navigate","Next Tab","Ctrl+PageDown","In Dialogs and Windows","org.eclipse.ui.navigate.nextTab"
"Source Code","Delete unused variables (all)","Alt+U","Editing ABAP Code","com.sap.adt.tools.abapsource.ui.cleanup.deleteUnusedVariables.all"
"Navigate","Show In Breadcrumb","Alt+Shift+B","Editor Breadcrumb Navigation","org.eclipse.jdt.ui.edit.text.java.gotoBreadcrumb"
"Run/Debug","Debug OSGi Framework","Alt+Shift+D, O","In Windows","org.eclipse.pde.ui.EquinoxLaunchShortcut.debug"
"Edit","Select All","Ctrl+A","In Dialogs and Windows","org.eclipse.ui.edit.selectAll"
"Edit","Occurrences in File","Ctrl+Shift+A","Editing in Structured Text Editors","org.eclipse.wst.sse.ui.search.find.occurrences"
"Modeler Keys","Validate","Ctrl+Shift+V","SAP HANA Modeler Editor","com.sap.ndb.studio.bi.uibindings.command.validate"
"Uncategorized","Add Event","Alt+D","Event tab","com.sap.adt.wda.controller.ui.addeventcommand"
"Run/Debug","Debug Eclipse Application","Alt+Shift+D, E","In Windows","org.eclipse.pde.ui.runtimeWorkbenchShortcut.debug"
"Source","Show Source Quick Menu","Alt+Shift+S","In Windows","org.eclipse.jdt.ui.edit.text.java.source.quickMenu"
"File","Rename","Alt+Shift+R","Project Explorer +","org.eclipse.ui.edit.rename"
"Source Code","Show ABAP Type Hierarchy","F4","ABAP Type Hierarchy","com.sap.adt.tools.abapsource.ui.showAbapTypeHierarchy"
"Navigate","Open from Clipboard","Ctrl+Shift+V","In Windows","org.eclipse.jdt.debug.ui.command.OpenFromClipboard"
"Uncategorized","Add In bound plug","Alt+B","Plug tab","com.sap.adt.wda.controller.ui.addinboundplugcommand"
"Navigate","Open Type in Hierarchy","F4","Editing Xtext Source","org.eclipse.xtext.xbase.ui.hierarchy.OpenTypeHierarchy"
"Key Category","Complete Keyword","Tab","Keyword Completion in SQL Studio Editors","com.sap.ndb.studio.parser.rnd.completeWord"
"Text Editing","Delete Line","Ctrl+D","Embedded Xtext Editor context","org.eclipse.ui.edit.text.delete.line"
"Source Code","Occurrences in File","Ctrl+Shift+U","Editing ABAP Code","com.sap.adt.tools.abapsource.ui.findOccurrencesInFile"
"Navigate","Open Call Hierarchy","Ctrl+Alt+H","Editing Xtext Source","org.eclipse.xtext.xbase.ui.hierarchy.OpenCallHierarchy"
"Text Editing","Zoom Out","Ctrl+-","Editing Text","org.eclipse.ui.edit.text.zoomOut"
"Text Editing","Text End","Ctrl+End","Embedded Xtext Editor context","org.eclipse.ui.edit.text.goto.textEnd"
"Window","Update Project","Alt+F5","In Windows","org.eclipse.m2e.core.ui.command.updateProject"
"Activation Category","Check ABAP Development Object","Ctrl+F2","Activating ABAP Development Objects","com.sap.adt.activation.ui.command.check"
"Edit","Toggle Insert Mode","Ctrl+Shift+Insert","Embedded Xtext Editor context","org.eclipse.ui.edit.text.toggleInsertMode"
"Source Code","Open Editor","F3","In ABAP Element Info View","com.sap.adt.tools.abapsource.ui.elementInfoNavigateCommand"
"Terminal view commands","Terminal view insert","Alt+S","Terminal Typing Connected","org.eclipse.tm.terminal.command1"
"File","New ABAP Project","Ctrl+Alt+Shift+P","Developing ABAP","com.sap.adt.tools.ui.newAbapProject"
"Source","Toggle Ant Mark Occurrences","Alt+Shift+O","Editing Ant Buildfiles","org.eclipse.ant.ui.toggleMarkOccurrences"
"Source","Toggle Comment","Ctrl+7","Editing Properties Files","org.eclipse.jdt.ui.edit.text.java.toggle.comment"
"Source Code","Rename...","F2","Developing ABAP","com.sap.adt.tools.core.ui.rename"
"Navigate","Open Structure","Ctrl+F3","Editing JavaScript Source","org.eclipse.wst.jsdt.ui.navigate.java.open.structure"
"Terminal view commands","Copy","Ctrl+Shift+C","Terminal Control in Focus","org.eclipse.tm.terminal.copy"
"Source","Quick Assist - Rename in file","Ctrl+2, R","Editing Java Source","org.eclipse.jdt.ui.correction.renameInFile.assist"
"Source","Surround With Quick Menu","Alt+Shift+Z","JavaScript View","org.eclipse.wst.jsdt.ui.edit.text.java.surround.with.quickMenu"
"Run/Debug","Close Rendering","Ctrl+W","In Memory View","org.eclipse.debug.ui.commands.closeRendering"
"Dump Viewer Commands","Quick Outline","Ctrl+Shift+O","In ABAP Runtime Error Viewer","com.sap.adt.dump.ui.QuickOutlineShortCut"
"Terminal view commands","Terminal view insert","Alt+G","Terminal Typing Connected","org.eclipse.tm.terminal.command1"
"Text Editing","Insert Line Below Current Line","Ctrl+Enter","Editing Text","org.eclipse.ui.edit.text.smartEnter"
"Edit","Quick Fix","Ctrl+.","In Dialogs and Windows","org.eclipse.jdt.ui.edit.text.java.correction.assist.proposals"
"Source","Toggle Comment","Ctrl+/","Editing Java Source","org.eclipse.jdt.ui.edit.text.java.toggle.comment"
"Text Editing","Join Lines","Ctrl+Alt+J","Embedded Xtext Editor context","org.eclipse.ui.edit.text.join.lines"
"Run/Debug","Use Step Filters","Shift+F5","In Windows","org.eclipse.debug.ui.commands.ToggleStepFilters"
"SAP HANA Database Administration","Administration (SAP System Logon)","Ctrl+Shift+O","Navigator","com.sap.ndb.studio.admin.command.administrationsapsystem"
"Run/Debug","Refresh ABAP Breakpoint Activation","Ctrl+Alt+B","Developing ABAP","com.sap.adt.debugger.ui.commands.SyncBreakpoints"
"Edit","Format Active Elements","Ctrl+I","Editing in Structured Text Editors","org.eclipse.wst.sse.ui.format.active.elements"
"Text Editing","Copy Lines","Alt+Shift+Down","Editing Text","org.eclipse.ui.edit.text.copyLineDown"
"Terminal view commands","Copy","Ctrl+Insert","Terminal Control in Focus","org.eclipse.tm.terminal.copy"
"Navigate","Previous Sub-Tab","Alt+PageUp","In Dialogs and Windows","org.eclipse.ui.navigate.previousSubTab"
"Modeler Keys","Display XML","Alt+D","SAP HANA Modeler Editor","com.sap.ndb.studio.bi.uibindings.command.displayxml"
"Text Editing","Show Tooltip Description","F4","Editing Text","org.eclipse.ui.edit.text.showInformation"
"Navigate","Open Call Hierarchy","Ctrl+Alt+H","JavaScript View","org.eclipse.wst.jsdt.ui.edit.text.java.open.call.hierarchy"
"Source Code","Copy","Ctrl+C","In ABAP Type Hierarchy","com.sap.adt.tools.abapsource.ui.TypeHierarchyCopyShortcut"
"Window","Previous Perspective","Ctrl+Shift+F8","In Windows","org.eclipse.ui.window.previousPerspective"
"SAP HANA Studio SQL Administration Console","Close","Ctrl+F4","SAP HANA Catalog Editor","com.sap.ndb.studio.sql.editor.CloseSubWindow"
"Edit","Matching Tag","Ctrl+Shift+>","Editing in Structured Text Editors","org.eclipse.wst.xml.ui.gotoMatchingTag"
"Text Editing","Move Lines Up","Alt+Up","Embedded Xtext Editor context","org.eclipse.ui.edit.text.moveLineUp"
"Source Code","Navigate To Implementation","F3","In ABAP Source Editor Outline","com.sap.adt.tools.abapsource.ui.OutlineNavigateToImplementationShortCut"
"Editing","Toggle Comment","Ctrl+Shift+C","Editing Xtext Source","org.eclipse.xtext.ui.ToggleCommentAction"
"Source","Format","Ctrl+Shift+F","Editing Ant Buildfiles","org.eclipse.jdt.ui.edit.text.java.format"
"Navigate","Open Attached Javadoc","Shift+F2","In Windows","org.eclipse.jdt.ui.edit.text.java.open.external.javadoc"
"Source","Toggle Comment","Ctrl+7","Editing CDS DDL Source","com.sap.ndb.studio.cds.editor.ui.toggleComment"
"Application Category","Un&lock","Ctrl+U","Developing ABAP","com.sap.adt.tools.core.ui.unlock"
"Navigate","Quick Outline","Ctrl+O","Editing in Structured Text Editors","org.eclipse.wst.sse.ui.quick_outline"
"Run/Debug","Run Java Applet","Alt+Shift+X, A","In Windows","org.eclipse.jdt.debug.ui.javaAppletShortcut.run"
"Transport Management","Change Owner","F3","Transport Management","com.sap.adt.tm.ui.changeowner"
"Source","Quick Assist - Rename in file","Ctrl+2, R","Editing JavaScript Source","org.eclipse.wst.jsdt.ui.correction.renameInFile.assist"
"Source Code","Extract Local Variable","Alt+Shift+L","Editing ABAP Code","com.sap.adt.tools.core.ui.quickfix.extractLocalVariable"
"Run/Debug","Debug Ant Build","Alt+Shift+D, Q","In Windows","org.eclipse.ant.ui.antShortcut.debug"
"SAP GUI Commands","Open SAP GUI","Ctrl+6","In Windows","com.sap.adt.sapgui.ui.openPopUp"
"Window","Show Key Assist","Ctrl+K, Ctrl+S","In Dialogs and Windows","org.eclipse.ui.window.showKeyAssist"
"EMF Code Generation","Generate Code","Alt+Shift+G","In Windows","org.eclipse.emf.codegen.ecore.ui.Generate"
"Views","Show View (Job Log)","Alt+Shift+Q, G","In Windows","org.eclipse.ui.views.showView"
"Search","Show Occurrences in File Quick Menu","Ctrl+Shift+U","In Windows","org.eclipse.jdt.ui.edit.text.java.search.occurrences.in.file.quickMenu"
"Edit","Open Selection","F3","Editing in Structured Text Editors","org.eclipse.wst.sse.ui.open.file.from.source"
"Run/Debug","Debug JUnit Plug-in Test","Alt+Shift+D, P","In Windows","org.eclipse.pde.ui.junitWorkbenchShortcut.debug"
"Editing","Go to Matching Bracket","Ctrl+Shift+\","Editing Xtext Source","org.eclipse.xtext.ui.GotToMatchingBracketAction"
"Navigator","Find System","Ctrl+Shift+N","SAP HANA","com.sap.ndb.studio.navigator.command.findsystem"
"Navigate","Go to Next Member","Ctrl+Shift+Down","Editing Java Source","org.eclipse.jdt.ui.edit.text.java.goto.next.member"
"Text Editing","Collapse Members","Ctrl+K, Ctrl+[","Editing Text","org.eclipse.jdt.ui.edit.text.java.folding.collapseMembers"
"Text Editing","Previous Word","Ctrl+Left","Embedded Xtext Editor context","org.eclipse.ui.edit.text.goto.wordPrevious"
"Window","New Window","Ctrl+Shift+N","In Windows","org.eclipse.ui.window.newWindow"
"Run/Debug","Package Check","Ctrl+Alt+F5","Developing ABAP","com.sap.adt.packages.check.launchShortcut.run"
"Edit","Select Next Element","Alt+Shift+Right","Editing in Structured Text Editors","org.eclipse.wst.sse.ui.structure.select.next"
"Source Code","Format Block","Ctrl+K, Ctrl+F","Editing ABAP Code","com.sap.adt.tools.abapsource.ui.prettyPrintBlock"
"Source","Remove Block Comment","Ctrl+Shift+\","Editing Java Source","org.eclipse.jdt.ui.edit.text.java.remove.block.comment"
"JET Refactor Actions","Show Refactor Quick Menu","Alt+Shift+T","Editing JET Source","org.eclipse.codegen.ui.jet.refactor.quickmenu"
"Terminal view commands","Terminal view insert","Alt+V","Terminal Typing Connected","org.eclipse.tm.terminal.command1"
"Refactoring","Extract Local Variable","Alt+Shift+L","Editing Xtext Source","org.eclipse.xtext.xbase.ui.refactoring.ExtractLocalVariable"
"Views","Show View (Breakpoints)","Alt+Shift+Q, B","In Windows","org.eclipse.ui.views.showView"
"View","Zoom In","Ctrl+=","In Windows","org.eclipse.gef.zoom_in"
"Window","Maximize Active View or Editor","Ctrl+B","In Windows","org.eclipse.ui.window.maximizePart"
"Source","Add Javadoc Comment","Alt+Shift+J","In Windows","org.eclipse.jdt.ui.edit.text.java.add.javadoc.comment"
"Modeler Keys","Add Table/Model","Ctrl+Shift+=","SAP HANA Modeler Editor","com.sap.ndb.studio.bi.uibindings.command.addtable"
"Source","Format","Ctrl+Shift+F","Editing Java Source","org.eclipse.jdt.ui.edit.text.java.format"
"Edit","Paste","Shift+Insert","In Dialogs and Windows","org.eclipse.ui.edit.paste"
"Navigate","Open Plug-in Artifact","Ctrl+Shift+A","In Windows","org.eclipse.pde.ui.openPluginArtifact"
"Uncategorized","Move Up UiElement","Ctrl+Shift+Up","In Windows","com.sap.adt.wda.view.ui.internal.command.moveup"
"SAP HANA Studio SQL Administration Console","Find Table","Ctrl+Shift+T","Navigator","com.sap.ndb.studio.sql.command.findtable2"
"Navigate","Show In (Where-Used List)","Alt+Shift+W","Using ABAP Repository Information System","org.eclipse.ui.navigate.showIn"
"Source","Toggle Mark Occurrences","Alt+Shift+O","Editing Java Source","org.eclipse.jdt.ui.edit.text.java.toggleMarkOccurrences"
"Navigate","Show In (Project Explorer)","Ctrl+K, R","Editing Text","org.eclipse.ui.navigate.showIn"
"Text Editing","Move Lines Down","Alt+Down","Editing Text","org.eclipse.ui.edit.text.moveLineDown"
"Source","Toggle Comment","Ctrl+7","Editing Java Source","org.eclipse.jdt.ui.edit.text.java.toggle.comment"
"Text Editing","Delete Next Word","Ctrl+Delete","Editing Text","org.eclipse.ui.edit.text.deleteNextWord"
"Navigate","Quick Hierarchy","Ctrl+T","Editing Java Source","org.eclipse.jdt.ui.edit.text.java.open.hierarchy"
"Source","Add Block Comment","Ctrl+Shift+/","Editing Java Source","org.eclipse.jdt.ui.edit.text.java.add.block.comment"
"Text Editing","To Lower Case","Ctrl+Shift+Y","Editing Text","org.eclipse.ui.edit.text.lowerCase"
"Project","Build All","Ctrl+Alt+Shift+B","In Windows","org.eclipse.ui.project.buildAll"
"Text Editing","Text End","Ctrl+End","Editing Text","org.eclipse.ui.edit.text.goto.textEnd"
"Navigate","Open Type in Hierarchy","Ctrl+Shift+H","In Windows","org.eclipse.jdt.ui.navigate.open.type.in.hierarchy"
"Window","Toggle Full Screen","F11","In Dialogs and Windows","org.eclipse.ui.window.fullscreenmode"
"Edit","Select Enclosing JET Element","Alt+Shift+PageUp","Editing JET Source","org.eclipse.emf.codegen.ui.jet.select.enclosing"
"Run/Debug","Run Java Application","Alt+Shift+X, J","In Windows","org.eclipse.jdt.debug.ui.localJavaShortcut.run"
"Uncategorized","Insert Context Menu","Ctrl+Shift+C","In Windows","com.sap.adt.wda.view.ui.internal.command.createContextMenu"
"Run/Debug","Resume","F8","Debugging","org.eclipse.debug.ui.commands.Resume"
